,score,energy,sa_score,rdkit_mol,DFT,smiles,cut_idx,scoring
"(20, 31)",-72.4,-72.41374343942779,1.0,<rdkit.Chem.rdchem.Mol object at 0x7fce36ac8930>,-14.2,CNCC(N)c1ccc(CCl)cc1,10.0,rdkit_embed_scoring_NH3toN2
"(37, 36)",-65.2,-65.2388066227741,1.0,<rdkit.Chem.rdchem.Mol object at 0x7fce36a1c3f0>,-27.1,CC(N)CCC1CCC1,8.0,rdkit_embed_scoring_NH3toN2
"(9, 35)",-62.1,-62.11388095165932,1.0,<rdkit.Chem.rdchem.Mol object at 0x7fce369e33b0>,-24.0,CNCC(N)c1ccc(F)cc1Cl,5.0,rdkit_embed_scoring_NH3toN2
"(13, 27)",-62.1,-62.08173314808111,1.0,<rdkit.Chem.rdchem.Mol object at 0x7fce36ac82f0>,-27.7,CCCCCCN,6.0,rdkit_embed_scoring_NH3toN2
"(20, 34)",-61.1,-61.06944309494533,1.0,<rdkit.Chem.rdchem.Mol object at 0x7fce36ac86f0>,-25.5,CC(N)CCCF,6.0,rdkit_embed_scoring_NH3toN2
"(45, 48)",-60.3,-60.31692888551755,1.0,<rdkit.Chem.rdchem.Mol object at 0x7fce36a1caf0>,-31.0,CC(N)Cc1ccc(Cc2ccccc2)cc1,16.0,rdkit_embed_scoring_NH3toN2
"(41, 7)",-60.0,-60.01322642291067,1.0,<rdkit.Chem.rdchem.Mol object at 0x7fce36a1ccb0>,-22.9,CC(N)CCc1ccc(-c2ccccc2)cc1,16.0,rdkit_embed_scoring_NH3toN2
"(28, 31)",-59.5,-59.53439878133618,1.0,<rdkit.Chem.rdchem.Mol object at 0x7fce36a5d770>,-26.7,CC(N)CCc1ccc(-c2ccc(F)cc2)cc1,5.0,rdkit_embed_scoring_NH3toN2
"(30, 31)",-59.5,-59.54961530250396,1.0,<rdkit.Chem.rdchem.Mol object at 0x7fce36a5d330>,-23.8,Cc1ccc(CCCC(C)N)cc1,5.0,rdkit_embed_scoring_NH3toN2
"(10, 25)",-59.4,-59.39234585602577,1.0,<rdkit.Chem.rdchem.Mol object at 0x7fce36ac84f0>,-21.5,CCCc1ccc(CC(C)N)cc1,12.0,rdkit_embed_scoring_NH3toN2
"(15, 36)",-59.4,-59.44306132356191,1.0,<rdkit.Chem.rdchem.Mol object at 0x7fce36ac8830>,-23.0,Cc1ccc(CCC(C)N)cc1,11.0,rdkit_embed_scoring_NH3toN2
"(32, 22)",-58.7,-64.2482312450708,0.914151225738442,<rdkit.Chem.rdchem.Mol object at 0x7fce36a5df30>,-28.4,CCNC(N)CCF,5.0,rdkit_embed_scoring_NH3toN2
"(18, 7)",-58.6,-58.567012260724425,1.0,<rdkit.Chem.rdchem.Mol object at 0x7fce36ac8d30>,-24.4,CC(N)Cc1ccc(CCl)cc1,11.0,rdkit_embed_scoring_NH3toN2
"(23, 8)",-58.4,-58.4385116437211,0.9999995012143004,<rdkit.Chem.rdchem.Mol object at 0x7fce36a5d870>,-28.4,CNCCCN,5.0,rdkit_embed_scoring_NH3toN2
"(37, 41)",-58.3,-58.319304376759455,1.0,<rdkit.Chem.rdchem.Mol object at 0x7fce36a1ca70>,-32.7,CC(N)Cc1ccc(CCl)cn1,11.0,rdkit_embed_scoring_NH3toN2
"(15, 14)",-58.2,-58.186937757976864,1.0,<rdkit.Chem.rdchem.Mol object at 0x7fce36ac8170>,-25.2,NCCCC1CCCC1,4.0,rdkit_embed_scoring_NH3toN2
"(10, 22)",-58.2,-58.165057716213575,1.0,<rdkit.Chem.rdchem.Mol object at 0x7fce36ac8530>,-19.0,CCC(N)CCF,5.0,rdkit_embed_scoring_NH3toN2
"(8, 44)",-68.3,-68.26307113845267,1.0,<rdkit.Chem.rdchem.Mol object at 0x7fce34f695f0>,-27.3,CCCC(N)c1ccc(OC)c(O)c1,3.0,rdkit_embed_scoring_NH3toN2
"(46, 43)",-64.0,-64.04041173500998,1.0,<rdkit.Chem.rdchem.Mol object at 0x7fce367a2870>,-20.0,CCOc1ccc(C(N)CC)cc1O,4.0,rdkit_embed_scoring_NH3toN2
"(14, 37)",-62.2,-62.20547783375636,1.0,<rdkit.Chem.rdchem.Mol object at 0x7fce36abdcb0>,-26.8,CCCC(N)c1ccc(OC)c(Br)c1,11.0,rdkit_embed_scoring_NH3toN2
"(27, 21)",-61.6,-61.6366382910814,1.0,<rdkit.Chem.rdchem.Mol object at 0x7fce36abdf30>,-35.0,CCCC(N)c1ccc(OC)c(O)c1C,9.0,rdkit_embed_scoring_NH3toN2
"(19, 15)",-61.4,-61.37812041749359,1.0,<rdkit.Chem.rdchem.Mol object at 0x7fce36abd770>,-23.0,CCCC(N)c1ccc(OC)cc1,10.0,rdkit_embed_scoring_NH3toN2
"(4, 26)",-61.0,-61.01164654254621,0.9997887156592912,<rdkit.Chem.rdchem.Mol object at 0x7fce388b0930>,-26.0,C[C@@H](CN)Cc1cccc(F)c1F,7.0,rdkit_embed_scoring_NH3toN2
"(11, 32)",-72.1,-72.09431289612793,1.0,<rdkit.Chem.rdchem.Mol object at 0x7fce34f69770>,-27.8,CCCCCC1(N)CCCC1,7.0,rdkit_embed_scoring_NH3toN2
"(30, 29)",-71.2,-71.18862805117207,1.0,<rdkit.Chem.rdchem.Mol object at 0x7fce34ee8cb0>,-28.0,CNCC1(N)CCCCC1,6.0,rdkit_embed_scoring_NH3toN2
"(17, 42)",-69.6,-69.59158357011079,1.0,<rdkit.Chem.rdchem.Mol object at 0x7fce36809230>,-30.9,NC1(CCCCCl)CCCCC1,8.0,rdkit_embed_scoring_NH3toN2
"(39, 31)",-69.5,-69.53930776825732,1.0,<rdkit.Chem.rdchem.Mol object at 0x7fce34ee8470>,-15.3,CCCNCC1(N)CCCC1,8.0,rdkit_embed_scoring_NH3toN2
"(25, 19)",-66.9,-66.91146424973255,1.0,<rdkit.Chem.rdchem.Mol object at 0x7fce34edfdf0>,-11.7,CCCC(N)CO,4.0,rdkit_embed_scoring_NH3toN2
"(32, 49)",-64.8,-64.75777935969303,1.0,<rdkit.Chem.rdchem.Mol object at 0x7fce34f858f0>,-26.7,CCCCC(N)CC,6.0,rdkit_embed_scoring_NH3toN2
"(38, 41)",-80.1,-80.14006086873168,1.0,<rdkit.Chem.rdchem.Mol object at 0x7fce34e5e4b0>,-27.5,CCCOC(=O)NCC1(N)CCCCC1,9.0,rdkit_embed_scoring_NH3toN2
"(35, 11)",-75.4,-75.40493508271217,1.0,<rdkit.Chem.rdchem.Mol object at 0x7fce34e5e1f0>,17.7,NC1(N)CCCCC1,0.0,rdkit_embed_scoring_NH3toN2
"(19, 13)",-73.4,-73.59865693811983,0.9979416507321764,<rdkit.Chem.rdchem.Mol object at 0x7fce34e8c770>,-30.1,CC1(C2(N)CCCCC2)CCCCC1,10.0,rdkit_embed_scoring_NH3toN2
"(20, 11)",-71.2,-71.18858832793639,1.0,<rdkit.Chem.rdchem.Mol object at 0x7fce34eb8130>,-28.0,CNCC1(N)CCCCC1,6.0,rdkit_embed_scoring_NH3toN2
"(50, 42)",-70.9,-70.93595157165558,1.0,<rdkit.Chem.rdchem.Mol object at 0x7fce34df6cf0>,-33.7,CCNCC1(N)CCCCC1,7.0,rdkit_embed_scoring_NH3toN2
"(41, 6)",-67.3,-67.3265636342943,1.0,<rdkit.Chem.rdchem.Mol object at 0x7fce34d68270>,-31.9,Cc1cccc(CC(C)(N)C(C)C)c1,11.0,rdkit_embed_scoring_NH3toN2
"(38, 14)",-67.0,-67.04301861837446,1.0,<rdkit.Chem.rdchem.Mol object at 0x7fce34d682b0>,-31.0,CC(C)C(C)(C)N,6.0,rdkit_embed_scoring_NH3toN2
"(35, 11)",-66.1,-66.10500319451486,1.0,<rdkit.Chem.rdchem.Mol object at 0x7fce34df6d70>,-22.4,CC(C)(N)CCc1ccc2c(c1)CCC2,14.0,rdkit_embed_scoring_NH3toN2
"(38, 5)",-65.9,-66.56389270460475,0.9896763269140983,<rdkit.Chem.rdchem.Mol object at 0x7fce34d68130>,-26.9,CCCC(C)(N)CC,4.0,rdkit_embed_scoring_NH3toN2
"(50, 37)",-65.0,-64.98499674819895,1.0,<rdkit.Chem.rdchem.Mol object at 0x7fce34d684f0>,-35.2,CCCC(C)(N)CCC,6.0,rdkit_embed_scoring_NH3toN2
"(26, 15)",-71.3,-71.31247720338031,1.0,<rdkit.Chem.rdchem.Mol object at 0x7fce34cd81f0>,-22.7,CC(N)CC(C)Cc1ccccc1,12.0,rdkit_embed_scoring_NH3toN2
"(16, 12)",-71.0,-71.01515672548983,1.0,<rdkit.Chem.rdchem.Mol object at 0x7fce34d70d30>,-24.7,CC(C)CC(C)N,4.0,rdkit_embed_scoring_NH3toN2
"(29, 44)",-70.8,-70.76041493220717,1.0,<rdkit.Chem.rdchem.Mol object at 0x7fce34cd8e70>,-28.0,CC(N)CC(=Cc1ccccc1)C1CC1,8.0,rdkit_embed_scoring_NH3toN2
"(33, 48)",-69.1,-69.05230123783967,1.0,<rdkit.Chem.rdchem.Mol object at 0x7fce34ceddf0>,-32.6,CC(N)Cc1ccc(Sc2ccccc2)cc1,16.0,rdkit_embed_scoring_NH3toN2
"(30, 19)",-67.6,-67.59126939198283,1.0,<rdkit.Chem.rdchem.Mol object at 0x7fce34d68df0>,-28.2,CC(N)Cc1ccc(-c2ccccc2)cc1,10.0,rdkit_embed_scoring_NH3toN2
"(22, 49)",-66.3,-66.33894458863695,1.0,<rdkit.Chem.rdchem.Mol object at 0x7fce34cd88f0>,-28.7,Cc1ccccc1C(C)CC(C)N,12.0,rdkit_embed_scoring_NH3toN2
"(19, 2)",-65.3,-65.30049977180894,1.0,<rdkit.Chem.rdchem.Mol object at 0x7fce34cd8eb0>,-23.8,Cc1ccc(CC(C)N)cc1,10.0,rdkit_embed_scoring_NH3toN2
"(49, 46)",-65.2,-65.24265687720879,1.0,<rdkit.Chem.rdchem.Mol object at 0x7fce34cf9930>,-29.0,CCCC(C)CC(C)N,8.0,rdkit_embed_scoring_NH3toN2
"(40, 7)",-65.1,-65.14400864165567,1.0,<rdkit.Chem.rdchem.Mol object at 0x7fce34cf9cf0>,10.8,NC(O)Cc1ccccc1-c1ccccc1,3.0,rdkit_embed_scoring_NH3toN2
"(25, 42)",-61.5,-65.5555206304904,0.9374509731096444,<rdkit.Chem.rdchem.Mol object at 0x7fce34c162f0>,-18.6,CC(=O)c1ccc(F)c(C(=O)N=CN)c1,3.0,rdkit_embed_scoring
"(13, 1)",-61.4,-61.44962419273105,1.0,<rdkit.Chem.rdchem.Mol object at 0x7fce34c10ef0>,-25.7,CC(=O)c1cc(O)c(C(=O)CN)cc1O,11.0,rdkit_embed_scoring
"(42, 17)",-60.7,-63.21548553518954,0.9598703565009512,<rdkit.Chem.rdchem.Mol object at 0x7fce34c16470>,-16.4,NC=NC(=O)c1cccc(Br)c1,11.0,rdkit_embed_scoring
"(47, 15)",-60.6,-60.74457842377884,0.9972796348729224,<rdkit.Chem.rdchem.Mol object at 0x7fce34c163b0>,-0.6,CCc1cccc(C(=O)N=CN)c1,11.0,rdkit_embed_scoring
"(15, 16)",-58.6,-58.59552192628379,1.0,<rdkit.Chem.rdchem.Mol object at 0x7fce34ce1a30>,-19.8,CC(=O)Nc1ccc(F)c(C(=O)Cc2ccnc(N)c2)c1,7.0,rdkit_embed_scoring
"(11, 43)",-58.1,-58.11078407603615,1.0,<rdkit.Chem.rdchem.Mol object at 0x7fce34cf9db0>,-40.2,CC(=O)c1ccc(F)c(C(=O)CN)c1,13.0,rdkit_embed_scoring
"(24, 37)",-74.3,-74.25159643943877,1.0,<rdkit.Chem.rdchem.Mol object at 0x7fce34b9dd30>,-20.5,NCCCc1ncnc2ccccc12,13.0,rdkit_embed_scoring
"(50, 11)",-65.3,-65.28233555816465,1.0,<rdkit.Chem.rdchem.Mol object at 0x7fce34bc5d70>,-17.2,NCCOC(=O)c1ncnc2ccccc12,11.0,rdkit_embed_scoring
"(13, 32)",-58.9,-62.28740564201348,0.9456225005010876,<rdkit.Chem.rdchem.Mol object at 0x7fce34c21c70>,2.8,C=C(CCCN)c1n[nH]c2ccccc12,11.0,rdkit_embed_scoring
"(41, 15)",-57.9,-57.91129194865488,1.0,<rdkit.Chem.rdchem.Mol object at 0x7fce34ba5730>,1.5,NCCCOc1ncnc2cccnc12,14.0,rdkit_embed_scoring
"(45, 17)",-55.5,-55.451446031462616,1.0,<rdkit.Chem.rdchem.Mol object at 0x7fce34baf7f0>,-14.4,NCCCOc1ccnc2cccnc12,14.0,rdkit_embed_scoring
"(35, 49)",-55.1,-57.094908333375024,0.9650503809304416,<rdkit.Chem.rdchem.Mol object at 0x7fce34ba57f0>,-1.9,NCC=Cc1ncnc2ccccc12,4.0,rdkit_embed_scoring
"(16, 36)",-53.2,-53.22031130669556,1.0,<rdkit.Chem.rdchem.Mol object at 0x7fce34baf870>,4.1,NCCc1ncnc2ccccc12,12.0,rdkit_embed_scoring
"(31, 1)",-101.5,-101.48681931352812,1.0,<rdkit.Chem.rdchem.Mol object at 0x7fce34bafbf0>,-46.6,Nc1c(F)c([O-])cc([O-])c1F,5.0,rdkit_embed_scoring_NH3plustoNH3
"(49, 0)",-96.5,-97.42816263426366,0.9904554890894788,<rdkit.Chem.rdchem.Mol object at 0x7fce34b448f0>,-47.8,Nc1cc([O-])c(F)c([O-])c1F,10.0,rdkit_embed_scoring_NH3plustoNH3
"(48, 48)",-94.1,-95.83888733167588,0.9815812937943766,<rdkit.Chem.rdchem.Mol object at 0x7fce34b378b0>,-42.0,Nc1c(F)c([O-])cc([O-])c1Br,5.0,rdkit_embed_scoring_NH3plustoNH3
"(50, 49)",-89.8,-89.77554889096791,1.0,<rdkit.Chem.rdchem.Mol object at 0x7fce34bbbcf0>,-40.0,Nc1cc([O-])c(F)c([O-])c1,6.0,rdkit_embed_scoring_NH3plustoNH3
"(23, 20)",-89.7,-89.66104986023188,1.0,<rdkit.Chem.rdchem.Mol object at 0x7fce34bc5f30>,-44.7,Nc1cc([O-])cc([O-])c1F,7.0,rdkit_embed_scoring_NH3plustoNH3
"(31, 17)",-88.6,-88.60618697087038,1.0,<rdkit.Chem.rdchem.Mol object at 0x7fce34b32bb0>,-40.4,Nc1c(F)c([O-])cc([O-])c1Cl,5.0,rdkit_embed_scoring_NH3plustoNH3
"(40, 40)",-73.2,-73.19136072737773,1.0,<rdkit.Chem.rdchem.Mol object at 0x7fce34aa32b0>,-11.5,CCCC1(N)CCCCC1,7.0,rdkit_embed_scoring_NH3toN2
"(17, 22)",-69.7,-71.66869448744193,0.9731770733168144,<rdkit.Chem.rdchem.Mol object at 0x7fce34b44bf0>,-15.7,CCC(C)(C)CC(C)(C)N,7.0,rdkit_embed_scoring_NH3toN2
"(22, 2)",-69.2,-75.07647276796109,0.9223498081462204,<rdkit.Chem.rdchem.Mol object at 0x7fce34b7f970>,-35.7,CC(C)CC(C)(C)C(C)(C)N,8.0,rdkit_embed_scoring_NH3toN2
"(26, 46)",-65.7,-65.72408799848746,1.0,<rdkit.Chem.rdchem.Mol object at 0x7fce34b7fb70>,-11.8,CC(C)(N)CC1CCCC1,7.0,rdkit_embed_scoring_NH3toN2
"(7, 6)",-65.6,-65.61451657311221,1.0,<rdkit.Chem.rdchem.Mol object at 0x7fce34aa3370>,-0.3,CC(C)(N)CCCC1CC1,7.0,rdkit_embed_scoring_NH3toN2
"(17, 6)",-65.5,-65.528922818753,1.0,<rdkit.Chem.rdchem.Mol object at 0x7fce34b7fc30>,-6.0,CNC(=O)CC(C)(C)N,6.0,rdkit_embed_scoring_NH3toN2
"(12, 40)",-70.3,-70.31529287078179,1.0,<rdkit.Chem.rdchem.Mol object at 0x7fce34aa39b0>,-27.4,C=C(C)CCCC(C)N,8.0,rdkit_embed_scoring_NH3toN2
"(17, 10)",-69.7,-70.18529253250064,0.993381638218114,<rdkit.Chem.rdchem.Mol object at 0x7fce34b2b7b0>,-26.5,C=C(C)CCC(C)(C)N,6.0,rdkit_embed_scoring_NH3toN2
"(9, 39)",-68.6,-68.59099685417692,1.0,<rdkit.Chem.rdchem.Mol object at 0x7fce3486a8f0>,-30.4,CCCN(C)CC(C)N,8.0,rdkit_embed_scoring_NH3toN2
"(21, 33)",-67.0,-67.04301861837446,1.0,<rdkit.Chem.rdchem.Mol object at 0x7fce3499aa30>,-31.0,CC(C)C(C)(C)N,4.0,rdkit_embed_scoring_NH3toN2
"(30, 0)",-66.9,-66.91238800705082,1.0,<rdkit.Chem.rdchem.Mol object at 0x7fce349c2db0>,-29.1,CC(C)(N)CCC1CCC1,2.0,rdkit_embed_scoring_NH3toN2
"(41, 30)",-66.6,-72.36211354561048,0.9198144161868156,<rdkit.Chem.rdchem.Mol object at 0x7fce348d76b0>,-29.5,C=C(C)CC(C)(C)N,6.0,rdkit_embed_scoring_NH3toN2
"(40, 43)",-66.3,-67.52442938700058,0.9814678515676428,<rdkit.Chem.rdchem.Mol object at 0x7fce348d7d30>,-33.7,CCCN1CCCC(N)(CC)C1,5.0,rdkit_embed_scoring_NH3toN2
"(34, 34)",-65.8,-65.83820825070953,1.0,<rdkit.Chem.rdchem.Mol object at 0x7fce3498c7b0>,-27.9,CNCCC(C)(C)N,5.0,rdkit_embed_scoring_NH3toN2
"(42, 33)",-65.7,-65.71739086346345,1.0,<rdkit.Chem.rdchem.Mol object at 0x7fce3489f470>,-29.1,CC(C)CCC(C)(C)N,6.0,rdkit_embed_scoring_NH3toN2
"(39, 33)",-65.7,-68.35971521479995,0.9609091866750128,<rdkit.Chem.rdchem.Mol object at 0x7fce348d75f0>,-32.2,CCCCN1CCCC(N)(C2CCCC2)C1,8.0,rdkit_embed_scoring_NH3toN2
"(26, 17)",-65.6,-65.58366244495626,1.0,<rdkit.Chem.rdchem.Mol object at 0x7fce3499afb0>,-30.2,CC(C)(N)CC1CCC1,3.0,rdkit_embed_scoring_NH3toN2
"(39, 27)",-65.3,-65.29633493307477,1.0,<rdkit.Chem.rdchem.Mol object at 0x7fce348d7930>,-26.2,CC(C)CC(C)(C)N,3.0,rdkit_embed_scoring_NH3toN2
"(47, 49)",-65.1,-65.55272831750078,0.9937232023112732,<rdkit.Chem.rdchem.Mol object at 0x7fce3489f7f0>,-28.4,CCCCN1CCCC(N)(CC)C1,11.0,rdkit_embed_scoring_NH3toN2
"(30, 11)",-64.9,-65.55052398463106,0.9896763269140983,<rdkit.Chem.rdchem.Mol object at 0x7fce349c2f70>,-24.9,CCCC(C)(N)CC,6.0,rdkit_embed_scoring_NH3toN2
"(33, 7)",-64.8,-68.58872679157095,0.9450150825726495,<rdkit.Chem.rdchem.Mol object at 0x7fce3498c370>,-30.5,CCCN1CCCC(N)(C2CCCC2)C1,8.0,rdkit_embed_scoring_NH3toN2
"(42, 44)",-64.8,-64.79739454921834,1.0,<rdkit.Chem.rdchem.Mol object at 0x7fce3489f6b0>,-28.2,CCNCCC(C)(C)N,5.0,rdkit_embed_scoring_NH3toN2
"(48, 35)",-64.8,-67.23544597174858,0.9642091741883198,<rdkit.Chem.rdchem.Mol object at 0x7fce3489fbf0>,-28.3,CCCCN1CCCC(N)(C2CCC2)C1,5.0,rdkit_embed_scoring_NH3toN2
"(17, 24)",-64.7,-64.67734609515544,1.0,<rdkit.Chem.rdchem.Mol object at 0x7fce3499acb0>,-30.3,CCCCC(C)(C)N,5.0,rdkit_embed_scoring_NH3toN2
"(50, 12)",-64.6,-64.57909223361462,1.0,<rdkit.Chem.rdchem.Mol object at 0x7fce3489ffb0>,-25.4,CCCN(C)CC(C)(C)N,4.0,rdkit_embed_scoring_NH3toN2
"(37, 26)",-64.5,-64.4617055881273,1.0,<rdkit.Chem.rdchem.Mol object at 0x7fce348d7770>,-25.2,CCCCCC(C)(C)N,6.0,rdkit_embed_scoring_NH3toN2
"(32, 28)",-73.5,-73.50840858330616,1.0,<rdkit.Chem.rdchem.Mol object at 0x7fce34a07af0>,-6.2,NC(O)CCCC1CCCCC1,6.0,rdkit_embed_scoring_NH3toN2
"(34, 11)",-69.9,-69.9060675879761,1.0,<rdkit.Chem.rdchem.Mol object at 0x7fce34a07e30>,-44.8,CC(C)(N)CCC1CCCCC1,3.0,rdkit_embed_scoring_NH3toN2
"(29, 44)",-67.9,-67.86756163706653,1.0,<rdkit.Chem.rdchem.Mol object at 0x7fce34a07f30>,-34.2,CNCCC1(N)CCCCC1,5.0,rdkit_embed_scoring_NH3toN2
"(25, 7)",-67.0,-67.00862563484294,1.0,<rdkit.Chem.rdchem.Mol object at 0x7fce34a0ecb0>,-28.8,C=CCC1(N)CCCCC1,4.0,rdkit_embed_scoring_NH3toN2
"(42, 44)",-70.8,-70.77141747939757,1.0,<rdkit.Chem.rdchem.Mol object at 0x7fce34625a30>,-35.6,CCCCC(C)(C)C1(N)CCCCC1,10.0,rdkit_embed_scoring_NH3toN2
"(45, 34)",-68.2,-70.38246545514845,0.9688774655343568,<rdkit.Chem.rdchem.Mol object at 0x7fce3462f3b0>,-34.8,CCCCC(C)C1(N)CCCCC1,7.0,rdkit_embed_scoring_NH3toN2
"(40, 28)",-67.7,-67.69271895156012,1.0,<rdkit.Chem.rdchem.Mol object at 0x7fce3461c170>,-28.0,CSCC1(N)CCCCC1,6.0,rdkit_embed_scoring_NH3toN2
"(48, 46)",-66.6,-66.61082155030886,1.0,<rdkit.Chem.rdchem.Mol object at 0x7fce3469b6b0>,-31.0,NC1(C2CCCCC2)CCCCC1,0.0,rdkit_embed_scoring_NH3toN2
"(44, 29)",-66.3,-66.29562471619496,1.0,<rdkit.Chem.rdchem.Mol object at 0x7fce3462f570>,-18.7,CNC(N)Cc1ccccc1,4.0,rdkit_embed_scoring_NH3toN2
"(25, 9)",-65.9,-65.92628020438602,1.0,<rdkit.Chem.rdchem.Mol object at 0x7fce3461c3f0>,-29.6,CC(N)Cc1ccccc1,3.0,rdkit_embed_scoring_NH3toN2
"(47, 20)",-65.8,-65.78056020281207,1.0,<rdkit.Chem.rdchem.Mol object at 0x7fce34625870>,-25.7,NC1(CCCCl)CCCCC1,7.0,rdkit_embed_scoring_NH3toN2
"(37, 11)",-65.3,-65.26397984868174,1.0,<rdkit.Chem.rdchem.Mol object at 0x7fce3461c030>,-25.6,NC1(CCl)CCCCC1,5.0,rdkit_embed_scoring_NH3toN2
"(50, 32)",-65.3,-65.32197295211259,1.0,<rdkit.Chem.rdchem.Mol object at 0x7fce34647eb0>,-19.1,CC(C)(N)C1CCCCC1,0.0,rdkit_embed_scoring_NH3toN2
"(49, 12)",-64.8,-64.94923660476415,0.9981765233277864,<rdkit.Chem.rdchem.Mol object at 0x7fce34625d70>,-30.0,CCC(C)(C)CCC1(N)CCCCC1,6.0,rdkit_embed_scoring_NH3toN2
"(32, 8)",-86.1,-90.14923112038878,0.9546138361076612,<rdkit.Chem.rdchem.Mol object at 0x7fce34559c70>,-7.9,Nc1ccccc1C=NC(=O)Cl,7.0,rdkit_embed_scoring_NH3plustoNH3
"(13, 3)",-78.6,-87.15994472825317,0.9013085915889056,<rdkit.Chem.rdchem.Mol object at 0x7fce3462f830>,-33.4,Nc1ccccc1N=CC(=O)Cl,7.0,rdkit_embed_scoring_NH3plustoNH3
"(25, 25)",-76.6,-77.58367771660141,0.987539264185284,<rdkit.Chem.rdchem.Mol object at 0x7fce3463cf30>,-11.4,Nc1ccc(F)c(C(=O)C(=O)C(=O)Cl)c1,13.0,rdkit_embed_scoring_NH3plustoNH3
"(38, 5)",-76.3,-76.28618321215338,1.0,<rdkit.Chem.rdchem.Mol object at 0x7fce344dd070>,-36.2,Cc1cccc(SCC(C)(C)N)c1,12.0,rdkit_embed_scoring_NH3toN2
"(12, 8)",-75.9,-75.92525573468292,1.0,<rdkit.Chem.rdchem.Mol object at 0x7fce344ddcb0>,-15.9,CCC(N)CNc1cccc(S)c1,11.0,rdkit_embed_scoring_NH3toN2
"(25, 41)",-75.9,-75.89849407959855,1.0,<rdkit.Chem.rdchem.Mol object at 0x7fce344dd770>,-17.3,CCC(N)CNc1ccccc1,10.0,rdkit_embed_scoring_NH3toN2
"(41, 5)",-74.6,-74.55719805820036,1.0,<rdkit.Chem.rdchem.Mol object at 0x7fce344dd0b0>,-30.5,CCC(N)CNc1cccc(C)c1,11.0,rdkit_embed_scoring_NH3toN2
"(12, 25)",-73.7,-73.69501668867585,1.0,<rdkit.Chem.rdchem.Mol object at 0x7fce34566df0>,-28.7,Cc1cccc(CCC(C)(C)N)c1,12.0,rdkit_embed_scoring_NH3toN2
"(14, 20)",-73.4,-73.40508661576546,1.0,<rdkit.Chem.rdchem.Mol object at 0x7fce344dd1f0>,-11.9,CC(C)CC(C)(C)N,1.0,rdkit_embed_scoring_NH3toN2
"(49, 12)",-73.4,-73.4361868443582,1.0,<rdkit.Chem.rdchem.Mol object at 0x7fce344e5fb0>,-20.2,CC(C)CC(N)CNC(C)(C)C,6.0,rdkit_embed_scoring_NH3toN2
"(50, 24)",-72.0,-72.34296436020682,0.9952328237159416,<rdkit.Chem.rdchem.Mol object at 0x7fce343f5730>,-13.4,Nc1cc(C(=O)C(=O)Br)cc(F)c1F,8.0,rdkit_embed_scoring_NH3plustoNH3
"(46, 4)",-71.4,-74.89073907483888,0.9538676752313412,<rdkit.Chem.rdchem.Mol object at 0x7fce343f5af0>,-4.5,Nc1cccc(C(=O)C(=O)Br)n1,11.0,rdkit_embed_scoring_NH3plustoNH3
"(34, 16)",-70.7,-70.6792448451748,1.0,<rdkit.Chem.rdchem.Mol object at 0x7fce343d4830>,0.0,Nc1cc(C(=O)Cl)ccc1C=O,9.0,rdkit_embed_scoring_NH3plustoNH3
"(32, 20)",-69.7,-69.65878390017414,1.0,<rdkit.Chem.rdchem.Mol object at 0x7fce34460770>,-13.4,Nc1ccncc1C=O,1.0,rdkit_embed_scoring_NH3plustoNH3
"(28, 6)",-68.2,-68.2132157771908,1.0,<rdkit.Chem.rdchem.Mol object at 0x7fce34460230>,-8.2,Nc1cc(C(=O)C(=O)Br)ccc1F,7.0,rdkit_embed_scoring_NH3plustoNH3
"(37, 43)",-67.2,-67.41862840478474,0.9963970860528486,<rdkit.Chem.rdchem.Mol object at 0x7fce3443efb0>,-15.9,Nc1cc(C(=O)C(=S)Br)ccc1F,11.0,rdkit_embed_scoring_NH3plustoNH3
"(36, 36)",-67.1,-67.96003905528869,0.986856758235807,<rdkit.Chem.rdchem.Mol object at 0x7fce34460070>,-27.1,Nc1cc(C(=O)C(=O)F)ccc1C=O,6.0,rdkit_embed_scoring_NH3plustoNH3
"(24, 15)",-66.6,-69.36710909868532,0.9596523608837568,<rdkit.Chem.rdchem.Mol object at 0x7fce34481ef0>,-6.3,CC(=O)c1ccnc(C(=O)C(N)=O)c1,1.0,rdkit_embed_scoring_NH3plustoNH3
"(46, 23)",-66.3,-69.95579931182786,0.9483667027033152,<rdkit.Chem.rdchem.Mol object at 0x7fce3443ebf0>,-10.9,Nc1cc(C(=O)C(=O)Br)cc(Br)c1F,8.0,rdkit_embed_scoring_NH3plustoNH3
"(43, 22)",-66.1,-76.2460040112117,0.8673681223761743,<rdkit.Chem.rdchem.Mol object at 0x7fce3443e370>,0.4,CNC(=O)Oc1cc(C(=O)C(=O)Br)cc(N)c1F,12.0,rdkit_embed_scoring_NH3plustoNH3
"(43, 45)",-72.6,-73.72326512114218,0.9849622337083072,<rdkit.Chem.rdchem.Mol object at 0x7fce343bff30>,-13.4,Nc1ccc(C(=O)F)cc1C=O,10.0,rdkit_embed_scoring_NH3plustoNH3
"(40, 26)",-68.3,-69.75074444221859,0.979596952924508,<rdkit.Chem.rdchem.Mol object at 0x7fce343bf630>,-17.7,Nc1ccc(C(=O)Br)cc1C=O,9.0,rdkit_embed_scoring_NH3plustoNH3
"(15, 43)",-68.0,-68.37423375567391,0.994281840646584,<rdkit.Chem.rdchem.Mol object at 0x7fce343261f0>,-10.3,Nc1cc(C=O)c(C(=O)O)cc1C=O,11.0,rdkit_embed_scoring_NH3plustoNH3
"(29, 39)",-66.7,-66.69505572483453,0.99984602166241,<rdkit.Chem.rdchem.Mol object at 0x7fce3432f370>,-3.2,N=Cc1cc(C(=O)O)ccc1N,11.0,rdkit_embed_scoring_NH3plustoNH3
"(50, 36)",-66.2,-68.26995781183773,0.969573492069944,<rdkit.Chem.rdchem.Mol object at 0x7fce343bf7b0>,-18.2,Nc1cc(Cl)c(C(=O)C=O)cc1C=O,5.0,rdkit_embed_scoring_NH3plustoNH3
"(44, 41)",-65.9,-68.64371021060774,0.9601534334924314,<rdkit.Chem.rdchem.Mol object at 0x7fce343bfb30>,-20.9,Nc1cc(C(=O)C(=O)Cl)ccc1C(=O)F,7.0,rdkit_embed_scoring_NH3plustoNH3
"(22, 49)",-64.1,-74.57367583238354,0.8593594049119677,<rdkit.Chem.rdchem.Mol object at 0x7fce34326930>,-23.0,Nc1cc(C=O)c(C=O)cc1C=O,10.0,rdkit_embed_scoring_NH3plustoNH3
"(50, 32)",-63.6,-63.64322661617896,1.0,<rdkit.Chem.rdchem.Mol object at 0x7fce34346a70>,-22.4,Cc1cc(N)c(C=O)cc1C(=O)Cl,10.0,rdkit_embed_scoring_NH3plustoNH3
"(14, 35)",-63.5,-63.510779491059786,1.0,<rdkit.Chem.rdchem.Mol object at 0x7fce343262b0>,-21.0,Nc1cc(Cl)c(C(=O)O)cc1C=O,10.0,rdkit_embed_scoring_NH3plustoNH3
"(30, 14)",-62.9,-62.86059794093974,1.0,<rdkit.Chem.rdchem.Mol object at 0x7fce3432f2b0>,7.2,CC(=O)c1cc(O)c(N)c(C=O)c1,6.0,rdkit_embed_scoring_NH3plustoNH3
"(6, 33)",-76.2,-81.2860001446885,0.9371425111007048,<rdkit.Chem.rdchem.Mol object at 0x7fce3429a4b0>,-1.5,N#Cc1cnc(C#N)c(N)c1,8.0,rdkit_embed_scoring_NH3plustoNH3
"(18, 10)",-75.0,-80.842263862642,0.927501242979902,<rdkit.Chem.rdchem.Mol object at 0x7fce3429a930>,-5.1,N#Cc1ccnc(C(=O)Cl)c1N,3.0,rdkit_embed_scoring_NH3plustoNH3
"(42, 5)",-73.9,-79.04297288354238,0.9348501610190928,<rdkit.Chem.rdchem.Mol object at 0x7fce3429ac70>,-9.4,N#Cc1ncc(C(=O)CO)cc1N,10.0,rdkit_embed_scoring_NH3plustoNH3
"(27, 13)",-73.6,-84.10569995787411,0.8745902411127968,<rdkit.Chem.rdchem.Mol object at 0x7fce3429adb0>,-20.9,N#Cc1ccnc(C#N)c1N,6.0,rdkit_embed_scoring_NH3plustoNH3
"(36, 17)",-71.3,-71.26711111327621,0.9999998138042532,<rdkit.Chem.rdchem.Mol object at 0x7fce3429ad70>,-25.8,N#Cc1ncc(CC(=O)O)cc1N,8.0,rdkit_embed_scoring_NH3plustoNH3
"(30, 39)",-71.4,-77.37972021799465,0.923291886418168,<rdkit.Chem.rdchem.Mol object at 0x7fce342109f0>,-43.6,NC(CC(=S)C=O)c1cccc(F)c1,7.0,rdkit_embed_scoring_NH3plustoNH3
"(23, 31)",-67.7,-68.26545383937851,0.9923426611337264,<rdkit.Chem.rdchem.Mol object at 0x7fce341fcd30>,-1.2,NC(CC(F)=S)c1cccc(F)c1,6.0,rdkit_embed_scoring_NH3plustoNH3
"(30, 24)",-65.7,-65.65567172398826,1.0,<rdkit.Chem.rdchem.Mol object at 0x7fce34210630>,-7.7,Nc1ccc(F)c(F)c1C(=O)F,11.0,rdkit_embed_scoring_NH3plustoNH3
"(43, 39)",-65.3,-67.54498535844986,0.9664085671235946,<rdkit.Chem.rdchem.Mol object at 0x7fce341ec130>,-30.0,Nc1ccc(F)cc1C(=O)C(F)=S,10.0,rdkit_embed_scoring_NH3plustoNH3
"(40, 15)",-65.0,-66.17183356570368,0.9824124564854004,<rdkit.Chem.rdchem.Mol object at 0x7fce34210b70>,-9.6,NC(CC=S)c1cccc(F)c1,5.0,rdkit_embed_scoring_NH3plustoNH3
"(44, 48)",-64.2,-64.24867127392729,1.0,<rdkit.Chem.rdchem.Mol object at 0x7fce341ec1b0>,-28.1,Nc1ccccc1C(=O)C(F)=S,9.0,rdkit_embed_scoring_NH3plustoNH3